symbol,code,name,trade,pricechange,changepercent,buy,sell,settlement,open,high,low,volume,amount,ticktime,per,pb,mktcap,nmc,turnoverratio
sh600000,600000,浦发银行,10.08,-0.05,-0.494,10.08,10.09,10.13,10.15,10.18,10.06,16086766,162777485,10:49:21,9.421,0.46,29586995.728416,29586995.728416,0.054810000000000005
sh600004,600004,白云机场,9.07,-0.05,-0.548,9.07,9.08,9.12,9.09,9.1,9.05,6765400,61370592,10:49:21,47.737,1.187,2146613.482681,2146613.482681,0.28586
sh600006,600006,东风股份,7.46,0.01,0.134,7.45,7.46,7.45,7.44,7.47,7.34,15748102,116484388,10:49:20,74.6,1.834,1492000.0,1492000.0,0.78741
sh600007,600007,中国国贸,23.76,-0.14,-0.586,23.75,23.76,23.9,23.82,24.02,23.62,856451,20416235,10:49:21,19.008,2.544,2393303.300784,2393303.300784,0.08503000000000001
sh600008,600008,首创环保,3.08,0.01,0.326,3.07,3.08,3.07,3.06,3.08,3.05,27697805,84956436,10:49:21,14.077,1.053,2260901.928516,2260901.928516,0.37732000000000004
sh600009,600009,上海机场,32.26,-0.09,-0.278,32.26,32.28,32.35,32.29,32.33,32.13,3877261,124849975,10:49:19,84.895,1.9689999999999999,8027840.80284,6189713.128248,0.20208
sh600010,600010,包钢股份,1.86,0.02,1.087,1.86,1.87,1.84,1.84,1.88,1.83,262397117,486962649,10:49:20,164.602,1.6400000000000001,8423683.198728,5836828.481382,0.8361700000000001
sh600011,600011,华能国际,6.68,0.04,0.602,6.67,6.68,6.64,6.62,6.7,6.6,20045309,133394625,10:49:21,19.086,1.804,10486326.363812,7346470.225892,0.18227000000000002
sh600012,600012,皖通高速,16.19,-0.28,-1.7000000000000002,16.19,16.2,16.47,16.4,16.43,16.17,1716362,27950502,10:49:20,16.177,2.085,2685289.59,1887106.4,0.14725000000000002
sh600015,600015,华夏银行,7.18,-0.04,-0.554,7.18,7.19,7.22,7.21,7.24,7.18,22087665,159238337,10:49:19,4.851,0.392,11426918.640024,11048026.819794,0.14355
sh600016,600016,民生银行,4.14,0.0,0.0,4.13,4.14,4.14,4.14,4.16,4.13,53791037,222887474,10:49:18,5.75,0.331,18125921.259828,14681319.010182,0.15169000000000002
sh600017,600017,日照港,2.99,0.01,0.336,2.99,3.0,2.98,2.98,3.01,2.97,16390551,49056954,10:49:20,14.238,0.668,919620.512512,919620.512512,0.53291
sh600018,600018,上港集团,5.57,0.01,0.18,5.56,5.57,5.56,5.55,5.57,5.53,11088224,61541609,10:49:18,9.787,0.991,12967720.450934,12930519.808978,0.047760000000000004
sh600019,600019,宝钢股份,7.48,0.11,1.4929999999999999,7.47,7.48,7.37,7.36,7.52,7.35,61084492,455981702,10:49:20,13.852,0.8230000000000001,16387665.711252,16292999.392252,0.28043
sh600020,600020,中原高速,4.05,0.05,1.25,4.04,4.05,4.0,3.99,4.09,3.98,12881787,52280921,10:49:18,12.752,0.799,910185.59196,910185.59196,0.5731900000000001
sh600021,600021,上海电力,8.82,0.01,0.114,8.81,8.82,8.81,8.83,8.85,8.76,10810125,95198026,10:49:20,17.804,1.2429999999999999,2484367.89489,2308338.821754,0.41305000000000003
sh600022,600022,山东钢铁,1.42,0.02,1.429,1.41,1.42,1.4,1.4,1.43,1.39,53446824,75386708,10:49:20,-38.07,0.775,1519236.636668,1519236.636668,0.49956000000000006
sh600023,600023,浙能电力,5.41,-0.04,-0.734,5.4,5.41,5.45,5.44,5.44,5.4,23428792,126876252,10:49:18,11.041,1.007,7254124.417209,7254124.417209,0.17473000000000002
sh600025,600025,华能水电,8.67,0.06,0.6970000000000001,8.67,8.68,8.61,8.61,8.68,8.56,10715570,92522026,10:49:21,21.675,2.691,15606000.0,15606000.0,0.059530000000000007
sh600026,600026,中远海能,11.41,0.19,1.693,11.41,11.42,11.22,11.18,11.49,11.15,31435890,357610292,10:49:18,16.247,1.513,5443455.866695,3964719.866695,0.9046900000000001
sh600027,600027,华电国际,5.33,-0.02,-0.374,5.32,5.33,5.35,5.33,5.35,5.23,33148200,175286880,10:49:21,15.229,1.307,5451290.083889,4536004.575089,0.38951
sh600028,600028,中国石化,5.73,0.04,0.7030000000000001,5.73,5.74,5.69,5.69,5.76,5.68,71367857,409041787,10:49:19,11.347,0.848,69494331.414954,54344365.639623,0.07525000000000001
sh600029,600029,南方航空,6.05,-0.01,-0.165,6.04,6.05,6.06,6.02,6.06,5.98,22316036,134535446,10:49:21,-26.304,2.835,10963152.04798,7667372.9627,0.17609000000000002
sh600030,600030,中信证券,27.76,-0.24,-0.857,27.76,27.77,28.0,27.8,27.89,27.62,41278604,1144930475,10:49:21,21.354,1.5779999999999998,41141837.997304,33802105.503824,0.339
sh600031,600031,三一重工,19.8,0.14,0.712,19.8,19.81,19.66,19.64,19.96,19.41,45625361,901332330,10:49:19,37.03,2.366,16780456.51326,16759147.35726,0.5390400000000001
sh600032,600032,浙江新能,7.36,-0.03,-0.406,7.35,7.36,7.39,7.39,7.41,7.3,2884224,21135152,10:49:16,26.95,1.419,1769841.038464,1769841.038464,0.11994
sh600033,600033,福建高速,3.69,0.0,0.0,3.69,3.7,3.69,3.69,3.72,3.68,9921839,36720229,10:49:18,11.223,0.864,1012683.6,1012683.6,0.36153
sh600035,600035,楚天高速,4.22,0.02,0.47600000000000003,4.22,4.23,4.2,4.21,4.24,4.19,4470806,18850442,10:49:16,7.153,0.795,679468.910222,679468.910222,0.27767000000000003
sh600036,600036,招商银行,42.96,0.0,0.0,42.92,42.95,42.96,42.9,43.26,42.85,16690639,718105924,10:49:20,7.631,1.081,108344456.7019,88621945.266984,0.08091000000000001
sh600037,600037,歌华有线,7.87,-0.02,-0.253,7.86,7.87,7.89,7.95,8.04,7.86,8795917,69775041,10:49:18,-63.519,0.857,1095329.194708,1095329.194708,0.63199
sh600038,600038,中直股份,37.88,0.86,2.323,37.88,37.89,37.02,37.04,37.89,36.71,9066116,339171399,10:49:19,50.439,1.932,3105755.490844,2533926.617148,1.35531
sh600039,600039,四川路桥,7.38,0.08,1.096,7.38,7.39,7.3,7.29,7.4,7.22,13174580,96450908,10:49:21,7.096,1.415,6428009.13993,4947285.91041,0.19653
sh600048,600048,保利发展,8.78,-0.12,-1.348,8.78,8.79,8.9,8.82,8.83,8.71,65757628,575141087,10:49:20,8.693,0.537,10510049.321004,10510049.321004,0.5493300000000001
sh600050,600050,中国联通,6.47,-0.06,-0.919,6.46,6.47,6.53,6.5,6.57,6.43,251872499,1634602272,10:49:18,24.789,1.237,20574976.108864,20238250.911264,0.80522
sh600051,600051,宁波联合,6.83,0.03,0.441,6.82,6.83,6.8,6.81,6.89,6.78,1560700,10663166,10:49:10,20.088,0.635,212331.04,212331.04,0.5020300000000001
sh600052,600052,东望时代,4.61,-0.06,-1.2850000000000001,4.6,4.61,4.67,4.64,4.66,4.58,2282100,10505905,10:49:20,32.929,1.295,389173.775601,389173.775601,0.27033
sh600053,600053,九鼎投资,14.05,-0.62,-4.226,14.03,14.05,14.67,14.3,14.39,13.88,8841366,124147448,10:49:19,396.893,2.104,609124.824,609124.824,2.03934
sh600054,600054,黄山旅游,11.63,0.04,0.34500000000000003,11.63,11.64,11.59,11.58,11.65,11.52,2574801,29859144,10:49:18,20.052,1.833,848268.28872,596967.9,0.5016200000000001
sh600055,600055,万东医疗,17.83,-0.05,-0.28,17.82,17.83,17.88,17.85,17.95,17.66,2417095,42961744,10:49:11,66.283,6.404,1253557.866414,964275.282817,0.44693000000000005
sh600056,600056,中国医药,10.61,-0.02,-0.188,10.6,10.61,10.63,10.61,10.62,10.52,3571772,37769171,10:49:21,15.144,1.361,1587128.412628,1586567.918158,0.23886000000000002
sh600057,600057,厦门象屿,5.86,-0.02,-0.34,5.86,5.87,5.88,5.88,5.89,5.84,3028594,17728757,10:49:19,9.302,1.266,1644899.235838,1284810.977786,0.13813
sh600058,600058,五矿发展,7.82,0.05,0.644,7.82,7.83,7.77,7.71,7.9,7.71,5803068,45335130,10:49:20,71.091,1.686,838234.176002,838234.176002,0.5413800000000001
sh600059,600059,古越龙山,8.31,0.0,0.0,8.31,8.32,8.31,8.31,8.34,8.27,2424000,20138561,10:49:19,18.886,1.301,757491.745203,757491.745203,0.26592000000000005
sh600060,600060,海信视像,22.59,0.19,0.848,22.58,22.59,22.4,22.41,22.61,22.28,3053667,68559602,10:49:20,13.927,1.57,2947932.321786,2925618.222492,0.23579000000000003
sh600061,600061,国投资本,7.27,-0.06,-0.8190000000000001,7.26,7.27,7.33,7.29,7.31,7.22,10208940,73975933,10:49:19,20.194,0.913,4648423.956541,4648423.956541,0.15966000000000002
sh600062,600062,华润双鹤,18.96,-0.05,-0.263,18.95,18.96,19.01,18.95,18.98,18.76,4868191,91870683,10:49:20,14.582,1.932,1969634.045712,1947608.828016,0.47392000000000006
sh600063,600063,皖维高新,4.18,0.29,7.455,4.17,4.18,3.89,3.89,4.28,3.87,57781560,237513045,10:49:19,26.125,1.055,879730.419722,805023.981256,3.00025
sh600064,600064,南京高科,7.47,0.13,1.771,7.46,7.47,7.34,7.34,7.49,7.25,16868189,124818793,10:49:18,8.282,0.68,1292563.714068,1292563.714068,0.9748500000000001
sh600066,600066,宇通客车,25.57,-0.03,-0.117,25.57,25.58,25.6,25.38,25.67,24.92,9881534,250530183,10:49:19,31.183,4.36,5661042.593211,5661042.593211,0.44633000000000006
sh600067,600067,冠城新材,2.6,-0.02,-0.763,2.59,2.6,2.62,2.61,2.62,2.56,17959900,46418170,10:49:18,-8.125,0.562,361833.87214,361833.87214,1.29053
sh600070,600070,*ST富润,1.08,-0.06,-5.263,0.0,1.08,1.14,1.08,1.09,1.08,33273900,35948628,10:49:14,-0.964,1.089,54801.439056,54725.839056,6.56652
sh600071,600071,凤凰光学,21.89,0.08,0.367,21.89,21.9,21.81,21.8,21.97,21.5,1732100,37592756,10:49:20,-72.967,14.754,616365.243021,616365.243021,0.6151500000000001
sh600072,600072,中船科技,13.01,0.28,2.2,13.0,13.01,12.73,12.7,13.13,12.59,21945012,282723540,10:49:20,121.136,1.827,1959984.768128,1409421.848116,2.02569
sh600073,600073,光明肉业,6.34,-0.04,-0.627,6.34,6.35,6.38,6.35,6.38,6.32,4492900,28526473,10:49:19,26.417,1.151,594520.485248,594520.485248,0.47913000000000006
sh600075,600075,新疆天业,4.32,0.03,0.6990000000000001,4.31,4.32,4.29,4.28,4.32,4.27,3734281,16039760,10:49:20,-9.6,0.8270000000000001,737580.670416,737580.670416,0.21872000000000003
sh600076,600076,康欣新材,2.27,0.04,1.794,2.26,2.28,2.23,2.24,2.3,2.2,33228552,74733960,10:49:19,-10.318,0.723,305211.344309,305211.344309,2.4713600000000002
sh600078,600078,澄星股份,5.27,-0.02,-0.378,5.27,5.28,5.29,5.27,5.29,5.23,2892200,15208524,10:49:15,-57.407,1.9969999999999999,349175.897747,349175.897747,0.43651
sh600079,600079,人福医药,19.8,-0.22,-1.099,19.8,19.81,20.02,19.91,19.97,19.55,7259620,143279231,10:49:19,15.0,1.8090000000000002,3231807.4107,3055493.9646,0.47043
sh600080,600080,金花股份,7.82,-0.01,-0.128,7.82,7.83,7.83,7.83,7.89,7.77,1356800,10634451,10:49:05,-68.059,1.921,291897.36287,291897.36287,0.36349000000000004
sh600081,600081,东风科技,12.15,-0.01,-0.082,12.14,12.15,12.16,12.08,12.15,11.93,4283340,51502452,10:49:18,45.677,1.477,671926.79655,671926.79655,0.77453
sh600082,600082,海泰发展,3.07,0.01,0.327,3.06,3.07,3.06,3.06,3.09,3.04,5809000,17780187,10:49:18,156.633,1.155,198357.558582,194740.971484,0.9157600000000001
sh600084,600084,中信尼雅,5.6,0.04,0.719,5.59,5.6,5.56,5.56,5.61,5.52,2398406,13355032,10:49:11,1696.97,4.925,629287.0248,629287.0248,0.21343
sh600085,600085,同仁堂,36.36,-0.01,-0.027,36.35,36.36,36.37,36.26,36.38,36.12,2336700,84677298,10:49:20,29.877,3.842,4986665.872632,4986665.872632,0.17038
sh600088,600088,中视传媒,17.0,-0.12,-0.7010000000000001,16.99,17.0,17.12,17.01,17.05,16.83,2573799,43608595,10:49:21,28.476,4.925,676100.88,676100.88,0.6471600000000001
sh600089,600089,特变电工,12.27,-0.08,-0.648,12.27,12.28,12.35,12.28,12.32,12.23,13747764,168500524,10:49:19,5.136,0.961,6199776.484617,6199776.484617,0.27208000000000004
sh600094,600094,大名城,3.62,0.11,3.134,3.62,3.63,3.51,3.5,3.71,3.45,35829472,128018783,10:49:20,40.267,0.706,896067.670634,824130.996244,1.57381
sh600095,600095,湘财股份,6.79,-0.07,-1.02,6.79,6.8,6.86,6.84,6.84,6.73,9353200,63360780,10:49:20,162.44,1.639,1941388.477497,1941388.477497,0.32713000000000003
sh600096,600096,云天化,21.08,0.19,0.91,21.08,21.09,20.89,20.87,21.16,20.84,13417889,282540782,10:49:20,8.538,1.8010000000000002,3866764.998676,3866764.998676,0.7314900000000001
sh600097,600097,开创国际,9.1,0.11,1.224,9.1,9.11,8.99,9.01,9.15,9.0,1974757,17902463,10:49:19,14.677,0.998,219252.26869,219252.26869,0.81962
sh600098,600098,广州发展,6.09,0.0,0.0,6.09,6.1,6.09,6.08,6.13,6.06,7023666,42873901,10:49:18,12.974,0.801,2135340.882612,2130738.728076,0.20075
sh600099,600099,林海股份,9.66,0.03,0.312,9.65,9.66,9.63,9.68,9.68,9.58,996800,9597461,10:49:13,158.361,4.091,211669.92,211669.92,0.45491000000000004
sh600100,600100,同方股份,8.73,0.01,0.115,8.73,8.74,8.72,8.7,8.8,8.64,58298470,507632835,10:49:20,-38.239,1.9380000000000002,2924809.903449,2924809.903449,1.7401
sh600101,600101,明星电力,9.16,-0.04,-0.435,9.15,9.16,9.2,9.18,9.18,9.08,8142298,74249709,10:49:18,21.528,1.674,501842.023436,501842.023436,1.4861900000000001
sh600103,600103,青山纸业,2.21,0.0,0.0,2.21,2.22,2.21,2.21,2.22,2.18,15209370,33437496,10:49:19,40.109,1.267,497969.365387,488924.719387,0.6874800000000001
sh600104,600104,上汽集团,16.4,-0.25,-1.502,16.4,16.41,16.65,16.58,16.58,16.31,25161190,412587821,10:49:19,13.377,0.648,18983491.0898,18983491.0898,0.21737
sh600105,600105,永鼎股份,6.1,-0.04,-0.651,6.09,6.1,6.14,6.09,6.16,6.02,57286238,348156259,10:49:20,198.052,3.189,891816.82922,891816.82922,3.91836
sh600106,600106,重庆路桥,5.72,-0.03,-0.522,5.71,5.72,5.75,5.72,5.77,5.61,13334864,75690460,10:49:20,35.75,1.5550000000000002,760202.335464,760202.335464,1.00336
sh600107,600107,美尔雅,4.4,0.01,0.228,4.4,4.41,4.39,4.39,4.41,4.33,2670511,11679316,10:49:17,-25.882,3.095,158400.0,158400.0,0.7418100000000001
sh600108,600108,亚盛集团,2.84,0.0,0.0,2.83,2.84,2.84,2.83,2.84,2.82,8301900,23465361,10:49:20,52.985,1.303,552923.894364,552923.894364,0.42641
sh600109,600109,国金证券,8.6,-0.08,-0.922,8.6,8.61,8.68,8.63,8.65,8.56,11945300,102660606,10:49:20,18.615,0.97,3192801.1786,2751618.99592,0.37334
sh600110,600110,诺德股份,4.32,-0.01,-0.231,4.32,4.33,4.33,4.32,4.33,4.27,9497500,40796048,10:49:16,260.241,1.293,749598.162624,749598.162624,0.54735
sh600111,600111,北方稀土,23.32,0.38,1.6560000000000001,23.31,23.32,22.94,22.86,23.36,22.81,32981605,764535425,10:49:18,35.56,3.856,8430333.543544,8430333.543544,0.91234
sh600113,600113,浙江东日,13.28,-0.09,-0.673,13.27,13.28,13.37,13.37,13.37,13.05,1287000,16960875,10:49:17,26.56,2.356,559574.92448,546380.58048,0.31281000000000003
sh600114,600114,东睦股份,24.72,0.0,0.0,0.0,0.0,24.72,0.0,0.0,0.0,0,0,10:49:14,77.25,5.672,1523699.955144,1523699.955144,0.0
sh600115,600115,中国东航,3.87,-0.02,-0.514,3.87,3.88,3.89,3.89,3.89,3.86,16784181,65073985,10:49:18,-10.459,4.365,8626731.77259,6623318.772891,0.09807
sh600116,600116,三峡水利,6.73,0.02,0.298,6.73,6.74,6.71,6.71,6.76,6.69,3809703,25635607,10:49:20,24.926,1.142,1286872.174392,1286872.174392,0.19924000000000003
sh600117,600117,西宁特钢,2.27,0.03,1.339,2.26,2.27,2.24,2.24,2.29,2.23,24076601,54405560,10:49:20,4.365,1.468,738911.072539,738911.072539,0.73965
sh600118,600118,中国卫星,28.98,0.37,1.293,28.96,28.98,28.61,28.6,29.18,28.49,14867187,428330147,10:49:21,222.923,5.453,3426853.51323,3426853.51323,1.25728
sh600119,600119,长江投资,8.33,-0.04,-0.47800000000000004,8.32,8.33,8.37,8.36,8.44,8.3,2827700,23635550,10:49:18,416.5,17.07,304270.21821,304270.21821,0.77414
sh600120,600120,浙江东方,7.25,-0.15,-2.027,7.25,7.26,7.4,7.29,7.3,7.13,93483911,674262716,10:49:21,51.786,1.588,2476151.5817,2476151.5817,2.73714
sh600121,600121,郑州煤电,3.83,0.11,2.957,3.82,3.83,3.72,3.71,3.85,3.68,25727672,97184723,10:49:21,146.183,2.829,466651.810554,466651.810554,2.11157
sh600123,600123,兰花科创,7.62,0.05,0.661,7.61,7.62,7.57,7.58,7.64,7.54,4744904,36076873,10:49:15,5.395,0.6920000000000001,1122608.896002,1122608.896002,0.32207
sh600125,600125,铁龙物流,5.63,-0.01,-0.177,5.63,5.64,5.64,5.63,5.64,5.6,3182100,17891281,10:49:20,15.596,1.009,735008.815062,735008.815062,0.24374
sh600126,600126,杭钢股份,12.32,-0.38,-2.992,12.31,12.32,12.7,12.2,12.53,12.0,140333394,1719564531,10:49:20,246.4,2.126,4160696.950256,4160696.950256,4.15533
sh600127,600127,金健米业,6.56,0.0,0.0,6.55,6.57,6.56,6.55,6.58,6.51,4344100,28441362,10:49:19,146.756,6.066,421009.791008,421009.791008,0.67688
sh600128,600128,苏豪弘业,9.87,0.06,0.612,9.87,9.88,9.81,9.76,9.9,9.73,7364000,72529364,10:49:20,74.603,1.147,243559.5225,243559.5225,2.98419
sh600129,600129,太极集团,21.94,-0.21,-0.9480000000000001,21.93,21.94,22.15,21.9,22.17,21.81,8853000,194129523,10:49:21,14.824,3.054,1221818.292336,1221818.292336,1.58972
sh600130,600130,波导股份,3.71,0.01,0.27,3.7,3.71,3.7,3.69,3.74,3.63,13306600,48762054,10:49:19,185.5,2.894,278250.0,278250.0,1.77421
sh600131,600131,国网信通,20.24,0.01,0.049,20.24,20.25,20.23,20.16,20.55,20.06,6371791,129304977,10:49:19,29.333,3.8120000000000003,2432360.305056,2420512.021576,0.5328
sh600132,600132,重庆啤酒,55.15,-0.36,-0.649,55.15,55.16,55.51,55.45,55.45,55.05,1417600,78187699,10:49:19,19.982,12.496,2669101.15697,2669101.15697,0.29291
sz000001,1,平安银行,11.61,-0.02,-0.17200000000000001,11.6,11.61,11.63,11.63,11.69,11.6,34237138,398562032,10:49:21,5.16,0.536,22530271.027878,22529921.950008,0.17643
sz000002,2,万 科Ａ,7.58,-0.19,-2.445,7.58,7.59,7.77,7.65,7.66,7.52,90317880,683669095,10:49:21,7.359,0.386,9043477.779018,7365437.38567,0.92949
sz000004,4,国华网安,12.46,-0.19,-1.502,12.45,12.46,12.65,12.54,12.61,12.3,4004400,49692069,10:49:18,-10.528,10.326,164945.831372,157354.963878,3.17085
sz000006,6,深振业Ａ,6.5,-0.2,-2.985,6.49,6.5,6.7,6.66,6.68,6.42,22027400,142899528,10:49:21,-10.932,1.361,877496.7799,877491.8074,1.6316700000000002
sz000007,7,全新好,6.43,0.0,0.0,6.43,6.44,6.43,6.43,6.46,6.38,1405260,9019270,10:49:21,61.946,17.276,222766.092292,222766.092292,0.40562000000000004
sz000008,8,神州高铁,2.82,0.0,0.0,2.81,2.82,2.82,2.81,2.82,2.77,28516700,79623445,10:49:21,-9.097,2.269,766018.506606,757458.871212,1.06167
sz000009,9,中国宝安,8.67,-0.03,-0.34500000000000003,8.66,8.67,8.7,8.7,8.7,8.59,10525754,90778317,10:49:21,29.56,2.204,2236178.507655,2212090.090908,0.41254
sz000010,10,美丽生态,2.9,0.0,0.0,2.9,2.91,2.9,2.92,2.94,2.88,6547900,19050396,10:49:21,-6.154,15.239,333399.16468,152525.89469,1.24496
sz000011,11,深物业A,8.22,-0.12,-1.439,8.21,8.22,8.34,8.3,8.32,8.17,2039900,16747247,10:49:18,10.557,1.094,489894.813624,432762.896346,0.38746
sz000012,12,南 玻Ａ,4.95,0.0,0.0,4.94,4.95,4.95,4.93,4.95,4.92,4673059,23055986,10:49:21,9.167,1.08,1519992.592965,969837.326865,0.23851000000000003
sz000014,14,沙河股份,9.9,-0.19,-1.883,9.9,9.91,10.09,10.04,10.08,9.86,2869700,28420288,10:49:18,4.583,1.449,239625.76176,239625.76176,1.1856
sz000016,16,深康佳Ａ,5.48,-0.07,-1.2610000000000001,5.48,5.49,5.55,5.45,5.55,5.4,50328300,274330525,10:49:21,-6.098,3.2640000000000002,1319554.083584,874933.4024,3.15223
sz000017,17,深中华A,5.77,-0.01,-0.17300000000000001,5.77,5.78,5.78,5.77,5.78,5.7,3795400,21781375,10:49:21,192.333,12.576,397659.706341,174822.324805,1.25267
sz000019,19,深粮控股,6.45,0.0,0.0,6.45,6.46,6.45,6.44,6.49,6.41,2223430,14335381,10:49:15,21.372,1.536,743385.23883,268459.582515,0.5342
sz000020,20,深华发Ａ,12.73,0.03,0.23600000000000002,12.72,12.73,12.7,12.69,12.73,12.53,800175,10113277,10:49:21,270.276,9.457,360464.241971,230623.542743,0.44168
sz000021,21,深科技,20.34,-0.26,-1.262,20.33,20.34,20.6,20.41,20.45,20.11,26488300,537206701,10:49:21,49.237,2.745,3174235.153992,3173901.832242,1.69751
sz000025,25,特 力Ａ,16.27,-0.06,-0.367,16.26,16.27,16.33,16.25,16.29,16.11,1802770,29170831,10:49:18,59.315,4.129,701331.88664,639050.32664,0.45898000000000005
sz000026,26,飞亚达,11.07,0.11,1.004,11.06,11.08,10.96,10.98,11.16,10.91,3160260,34871150,10:49:18,13.697,1.333,449180.755749,403799.640561,0.8663700000000001
sz000027,27,深圳能源,6.21,0.02,0.323,6.2,6.21,6.19,6.19,6.21,6.16,5690460,35229075,10:49:21,23.0,0.981,2954339.137836,2954339.137836,0.11961000000000001
sz000028,28,国药一致,25.84,-0.12,-0.462,25.84,25.85,25.96,25.89,25.94,25.7,943260,24348946,10:49:18,9.003,0.794,1438164.158968,1235287.014,0.19731
sz000029,29,深深房Ａ,14.76,-0.28,-1.862,14.76,14.77,15.04,14.97,15.04,14.67,1866801,27563748,10:49:21,-59.54,4.034,1493210.16,1316090.16,0.20936000000000002
sz000030,30,富奥股份,5.89,0.02,0.341,5.89,5.9,5.87,5.85,5.91,5.78,8519199,49780705,10:49:21,16.829,1.331,1025827.777065,996711.372529,0.50344
sz000031,31,大悦城,2.72,-0.03,-1.091,2.72,2.73,2.75,2.74,2.76,2.68,11545100,31228289,10:49:21,-8.0,0.887,1165877.228208,1088785.309968,0.28842
sz000032,32,深桑达Ａ,26.19,-0.56,-2.093,26.19,26.22,26.75,26.64,26.65,25.7,36532500,956322265,10:49:21,90.404,4.92,2980315.233846,1688636.421009,5.66603
sz000034,34,神州数码,51.18,-1.15,-2.198,51.18,51.2,52.33,51.51,51.95,49.81,49401732,2515335383,10:49:21,28.533,3.755,3476494.273986,2878237.78341,8.78447
sz000035,35,中国天楹,4.74,0.07,1.499,4.73,4.74,4.67,4.67,4.75,4.63,15594000,73036924,10:49:21,33.857,1.083,1185371.228268,1149826.396764,0.6428400000000001
sz000036,36,华联控股,4.13,-0.08,-1.9,4.13,4.14,4.21,4.19,4.23,4.12,12966310,53752125,10:49:21,68.833,1.206,612864.752325,611518.34961,0.8757
sz000037,37,深南电A,8.07,-0.05,-0.616,8.07,8.08,8.12,8.11,8.11,7.95,4604800,36865051,10:49:15,1169.565,3.436,486429.414972,273488.390892,1.35877
sz000039,39,中集集团,8.36,0.05,0.602,8.35,8.36,8.31,8.32,8.38,8.28,11092701,92526976,10:49:21,119.429,0.964,4508147.04186,1923976.369876,0.482
sz000040,40,*ST旭蓝,0.82,-0.04,-4.651,0.0,0.82,0.86,0.82,0.9,0.82,100074460,84163633,10:49:21,-6.932,0.111,121923.65734,86477.03518,9.48935
sz000042,42,中洲控股,6.03,-0.04,-0.659,6.02,6.03,6.07,6.0,6.05,5.76,15954900,94254546,10:49:21,-2.173,0.768,400893.176817,400368.906306,2.40298
sz000045,45,深纺织Ａ,10.57,0.01,0.095,10.56,10.57,10.56,10.51,10.57,10.36,4021900,42048708,10:49:21,66.063,1.8290000000000002,535393.594393,482995.197643,0.88016
sz000048,48,京基智农,15.16,0.18,1.202,15.15,15.16,14.98,15.07,15.25,14.83,4193582,63345627,10:49:21,4.542,1.9420000000000002,803907.891,798567.781,0.7961100000000001
sz000049,49,德赛电池,25.14,0.02,0.08,25.14,25.15,25.12,25.06,25.19,24.9,3220181,80641723,10:49:21,14.696,1.512,966981.274476,966625.867782,0.8375
sz000050,50,深天马Ａ,9.15,0.04,0.439,9.14,9.15,9.11,9.09,9.18,8.98,11235732,101851599,10:49:21,-10.721,0.8190000000000001,2248839.109815,2248812.96369,0.45716
sz000055,55,方大集团,4.1,-0.01,-0.243,4.09,4.1,4.11,4.1,4.1,4.06,5116350,20844666,10:49:15,16.4,0.728,440288.43307,277100.31589,0.75702
sz000056,56,皇庭国际,3.78,0.09,2.439,3.77,3.78,3.69,3.71,4.0,3.69,114754928,438863572,10:49:21,-3.857,6.242,457413.53616,341587.848924,12.69874
sz000058,58,深 赛 格,9.14,-0.30000000000000004,-3.178,9.14,9.15,9.44,9.24,9.24,9.04,19819909,180663758,10:49:21,124.354,5.606,1125317.414208,899951.755106,2.01293
sz000059,59,华锦股份,4.75,0.08,1.713,4.74,4.75,4.67,4.66,4.76,4.63,7426258,35031263,10:49:18,118.75,0.612,759735.205075,759735.205075,0.46430000000000005
sz000060,60,中金岭南,4.82,0.09,1.903,4.82,4.83,4.73,4.74,4.84,4.73,43028028,206783956,10:49:21,26.778,1.347,1801521.33225,1801383.0585,1.15131
sz000061,61,农 产 品,6.18,-0.01,-0.162,6.18,6.19,6.19,6.18,6.2,6.15,2165760,13367703,10:49:21,23.356,1.681,1048723.832958,1048704.597708,0.12763000000000002
sz000062,62,深圳华强,22.97,-0.12,-0.52,22.96,22.97,23.09,23.0,23.02,22.7,6405780,146296714,10:49:21,51.41,3.343,2402453.712634,2399033.580702,0.61333
sz000063,63,中兴通讯,37.88,-0.12,-0.316,37.88,37.89,38.0,37.89,38.21,37.4,55551140,2097825127,10:49:21,21.523,2.489,18120030.151956,15255691.61348,1.37934
sz000065,65,北方国际,11.38,-0.12,-1.043,11.38,11.39,11.5,11.36,11.5,11.25,17926169,203622903,10:49:21,12.37,1.311,1166428.259648,1056698.21878,1.9305400000000001
sz000066,66,中国长城,16.89,-0.19,-1.112,16.88,16.89,17.08,16.82,16.95,16.67,65042857,1094022387,10:49:21,-55.743,4.536,5448374.659632,5448021.236382,2.01646
sz000068,68,华控赛格,3.58,0.0,0.0,3.57,3.58,3.58,3.58,3.59,3.51,6053800,21425188,10:49:18,5.5120000000000005,5.772,360388.384112,360388.384112,0.6013700000000001
sz000069,69,华侨城Ａ,2.45,-0.04,-1.6059999999999999,2.44,2.45,2.49,2.47,2.48,2.43,19185498,46809469,10:49:21,-3.095,0.34800000000000003,1969250.722985,1689180.284715,0.27827
sz000070,70,ST特信,6.6,-0.07,-1.049,6.59,6.6,6.67,6.67,6.67,6.56,6224620,41124093,10:49:21,-21.311,3.111,594227.5416,586473.47616,0.7005
sz000078,78,海王生物,2.34,0.01,0.429,2.33,2.34,2.33,2.33,2.34,2.29,7944731,18424484,10:49:18,-3.643,2.028,615682.842138,614587.226292,0.30249000000000004
sz000088,88,盐 田 港,4.66,0.01,0.215,4.65,4.66,4.65,4.65,4.67,4.63,4369811,20328754,10:49:12,17.923000000000002,1.796,2422959.239236,1048097.130418,0.19429000000000002
sz000089,89,深圳机场,6.75,0.0,0.0,6.74,6.75,6.75,6.73,6.76,6.71,2749100,18513524,10:49:21,34.902,1.232,1384269.418575,1384251.122025,0.13405
sz000090,90,天健集团,3.92,0.0,0.0,3.91,3.92,3.92,3.92,3.92,3.87,6708000,26081668,10:49:21,5.299,0.654,732469.810128,732436.294128,0.35901000000000005
sz000096,96,广聚能源,19.34,-0.16,-0.8210000000000001,19.34,19.35,19.5,19.09,20.25,19.09,6640098,130824498,10:49:21,115.878,3.7039999999999997,1021152.0,987980.032,1.29982
sz000099,99,中信海直,26.7,0.01,0.037,26.7,26.71,26.69,26.45,26.87,26.3,14532300,386925998,10:49:21,86.129,3.958,2071306.26579,2071306.26579,1.8732700000000002
sz000100,100,TCL科技,4.79,-0.02,-0.41600000000000004,4.79,4.8,4.81,4.8,4.8,4.77,75604670,362006729,10:49:21,40.084,1.697,8995179.687393,8669003.537609,0.41775
sz000151,151,中成股份,13.59,-0.22,-1.593,13.58,13.59,13.81,13.83,13.87,13.46,3858500,52371968,10:49:21,-17.457,8.6,458486.819352,418483.250505,1.25303
sz000153,153,丰原药业,6.05,-0.01,-0.165,6.04,6.05,6.06,6.03,6.05,5.99,2804842,16894080,10:49:18,12.615,1.408,281188.10181,274030.95181,0.6192500000000001
sz000155,155,川能动力,11.13,0.01,0.09,11.12,11.13,11.12,11.12,11.15,11.0,8034252,88980157,10:49:21,20.611,2.018,2054785.364646,1884890.395584,0.47441000000000005
sz000156,156,华数传媒,8.52,0.05,0.59,8.52,8.53,8.47,8.55,8.66,8.46,18810530,161011627,10:49:21,23.027,1.07,1578698.440584,1448294.247204,1.1065800000000001
sz000157,157,中联重科,8.21,-0.02,-0.243,8.21,8.22,8.23,8.14,8.28,8.13,32142993,263725136,10:49:21,19.093,1.2469999999999999,7124631.625756,5804888.761723,0.45461
sz000158,158,常山北明,25.73,-0.45,-1.7189999999999999,25.72,25.73,26.18,25.76,26.07,25.5,55423771,1423677654,10:49:21,-428.833,7.386,4113240.823133,4085457.79813,3.49056
sz000159,159,国际实业,5.52,0.04,0.73,5.51,5.52,5.48,5.45,5.54,5.41,5153041,28237579,10:49:18,32.838,1.321,265338.668136,265338.668136,1.07202
sz000166,166,申万宏源,5.15,-0.05,-0.962,5.14,5.15,5.2,5.17,5.17,5.11,40378161,207315226,10:49:21,28.611,1.251,12895571.4484,11605786.26774,0.17918
sz000301,301,东方盛虹,9.63,0.06,0.627,9.63,9.64,9.57,9.56,9.67,9.52,5304228,50847109,10:49:21,87.545,1.966,6366607.515954,6364031.903118,0.08026000000000001
sz000333,333,美的集团,70.54,-0.6000000000000001,-0.843,70.54,70.55,71.14,71.12,71.14,70.26,13554843,957176262,10:49:21,14.308,2.5869999999999997,54032057.04713,48633278.683234,0.19661
sz000338,338,潍柴动力,16.53,0.14,0.854,16.52,16.53,16.39,16.35,16.65,16.22,40719294,672540134,10:49:21,15.894,1.669,14424998.425113,8225379.601701,0.8183100000000001
sz000400,400,许继电气,24.42,-0.07,-0.28600000000000003,24.41,24.42,24.49,24.49,24.49,24.07,9348200,226592964,10:49:21,24.491,2.194,2488091.062578,2462318.194578,0.9271100000000001
sz000401,401,冀东水泥,4.9,0.02,0.41000000000000003,4.89,4.9,4.88,4.86,4.92,4.81,5569800,27136656,10:49:21,-8.688,0.464,1302525.35539,780052.74032,0.34987
sz000402,402,金 融 街,3.03,-0.06,-1.9420000000000002,3.03,3.04,3.09,3.07,3.08,3.01,13313548,40349215,10:49:21,-4.662,0.272,905645.761821,905433.660306,0.44553000000000004
sz000403,403,派林生物,20.95,-0.07,-0.333,20.95,20.96,21.02,21.09,21.18,20.89,2407358,50509333,10:49:15,24.988,1.956,1531601.942735,1522939.60587,0.33116
sz000404,404,长虹华意,7.26,0.09,1.255,7.25,7.26,7.17,7.17,7.26,7.15,5857075,42272421,10:49:18,13.953,1.2650000000000001,505293.080754,503110.138872,0.8451900000000001
sz000407,407,胜利股份,3.24,0.01,0.31,3.23,3.24,3.23,3.21,3.25,3.21,4082216,13168182,10:49:21,18.589,0.967,285147.428544,283748.404644,0.46613000000000004
sz000408,408,藏格矿业,33.19,0.22,0.667,33.19,33.2,32.97,33.02,33.73,32.92,4059085,135493231,10:49:21,15.225,3.944,5211579.247655,5211524.484155,0.25851
sz000409,409,云鼎科技,15.68,1.43,10.035,15.68,0.0,14.25,15.68,15.68,15.68,4534360,71098765,10:49:21,168.602,7.123,1063528.15184,663802.20816,1.07108
sz000410,410,沈阳机床,6.99,0.1,1.451,6.99,7.0,6.89,6.88,7.03,6.81,12220500,84523574,10:49:21,349.5,15.631,1443257.875497,1174960.244856,0.72701
sz000411,411,英特集团,10.73,0.05,0.468,10.73,10.74,10.68,10.62,10.77,10.56,1650180,17636136,10:49:21,9.844,1.279,560268.599201,346308.746709,0.51129
sz000415,415,渤海租赁,3.43,-0.04,-1.153,3.42,3.43,3.47,3.45,3.46,3.4,43192125,147709337,10:49:21,16.554,0.6960000000000001,2121290.799726,1849700.39093,0.8009400000000001
sz000417,417,合百集团,5.52,0.01,0.181,5.51,5.52,5.51,5.5,5.56,5.48,4628486,25538825,10:49:12,16.307,0.912,430496.0784,430023.152952,0.59414
sz000419,419,通程控股,5.73,0.04,0.7030000000000001,5.72,5.73,5.69,5.71,5.74,5.66,4135900,23574429,10:49:21,24.035,0.914,311472.861315,311472.861315,0.7608600000000001
sz000420,420,吉林化纤,3.89,0.02,0.517,3.88,3.89,3.87,3.87,3.91,3.82,28775674,111302529,10:49:21,296.947,2.162,956499.785427,956169.057627,1.17069
sz000421,421,南京公用,6.12,0.0,0.0,6.12,6.13,6.12,6.09,6.13,6.05,4171100,25387464,10:49:21,-39.206,1.329,352549.328328,351448.609608,0.7263400000000001
sz000422,422,湖北宜化,12.27,0.08,0.656,12.26,12.27,12.19,12.16,12.32,12.1,9326300,114240856,10:49:21,26.117,1.795,1328736.351624,1297941.693357,0.8816600000000001
sz000423,423,东阿阿胶,56.37,0.1,0.178,56.36,56.4,56.27,56.11,56.58,55.92,1883789,105965197,10:49:21,31.492,3.662,3630097.356888,3630097.356888,0.29252
sz000425,425,徐工机械,9.47,0.21,2.268,9.47,9.48,9.26,9.25,9.58,9.22,73134250,692456894,10:49:21,21.044,1.9020000000000001,11189909.290071,7689727.321923,0.9006600000000001
sz000426,426,兴业银锡,13.63,0.52,3.966,13.63,13.64,13.11,13.12,13.89,13.1,28748043,390331458,10:49:21,25.834,3.163,2420191.512257,2419645.937432,1.61939
sz000428,428,华天酒店,3.07,0.01,0.327,3.06,3.07,3.06,3.06,3.08,3.03,5322300,16241426,10:49:21,-24.919,1.9260000000000002,312810.282,312794.932,0.52237
sz000429,429,粤高速Ａ,13.44,-0.33,-2.3970000000000002,13.43,13.44,13.77,13.71,13.71,13.4,5923684,80248381,10:49:21,17.92,2.684,2810043.433344,1751674.184064,0.4545
sz000430,430,张家界,6.94,0.08,1.166,6.94,6.95,6.86,6.82,6.95,6.77,5484742,37753846,10:49:21,-11.763,3.485,280943.474084,230226.7272,1.65333
sz000488,488,ST晨鸣,2.05,-0.02,-0.966,2.05,2.06,2.07,2.06,2.07,2.03,32818281,67218275,10:49:21,-4.556,0.378,602998.521,343544.02865,1.9583400000000002
sz000498,498,山东路桥,5.8,0.02,0.34600000000000003,5.8,5.81,5.78,5.77,5.82,5.74,4380600,25340578,10:49:21,4.353,0.642,905378.96818,845584.30608,0.30047
sz000501,501,武商集团,8.55,-0.04,-0.466,8.55,8.56,8.59,8.53,8.62,8.47,5103500,43535658,10:49:18,31.667,0.595,657488.785005,656891.276805,0.6642600000000001
sz000503,503,国新健康,11.92,-0.05,-0.418,11.91,11.92,11.97,11.88,11.95,11.65,10419398,122788007,10:49:21,-136.073,8.417,1169724.538144,1138442.51024,1.09096
sz000504,504,南华生物,10.45,0.37,3.6710000000000003,10.45,10.46,10.08,10.07,10.58,10.05,5647900,58626022,10:49:21,-116.111,13.87,344874.13741,324648.792545,1.81798
sz000505,505,京粮控股,5.96,-0.02,-0.334,5.96,5.97,5.98,5.97,5.98,5.92,1800400,10719719,10:49:21,42.571,1.3780000000000001,433262.349596,376898.680256,0.2847
sz000506,506,*ST中润,5.24,0.01,0.191,5.23,5.24,5.23,4.97,5.32,4.97,38716773,196158004,10:49:21,174.667,8.335,486805.306764,486623.583564,4.16905
sz000507,507,珠海港,4.93,0.01,0.203,4.92,4.93,4.92,4.92,4.93,4.89,3247933,15965038,10:49:21,20.533,0.864,453429.303235,444852.512229,0.35995000000000005
sz000509,509,华塑控股,3.69,0.34,10.149,3.69,0.0,3.35,3.37,3.69,3.29,31834300,114906112,10:49:21,312.712,29.17,395984.251188,395983.054152,2.9665
sz000510,510,新金路,3.77,0.05,1.344,3.76,3.77,3.72,3.72,3.81,3.7,9425500,35501319,10:49:18,-13.0,1.796,244500.933053,228712.636009,1.55366
sz000513,513,丽珠集团,34.23,-0.19,-0.552,34.2,34.23,34.42,34.31,34.38,34.16,2070926,70854017,10:49:21,16.3,2.203,3119536.43379,2000172.040419,0.35441
sz000514,514,渝 开 发,4.12,-0.09,-2.138,4.12,4.13,4.21,4.19,4.2,4.1,7575400,31248972,10:49:21,32.881,0.9410000000000001,347633.63758,347633.63758,0.8978
